{"cameraMode":{"drawMode":0,"name":"Shaded","section":"Shading Mode"},"sceneLighting":false,"audioPlay":false,"sceneViewState":{"showFog":true,"showMaterialUpdate":false,"showSkybox":false,"showFlares":true,"showImageEffects":true,"showParticleSystems":true},"in2DMode":false,"pivot":{"x":6.029133319854736,"y":0.06850767135620117,"z":3.0741987228393556},"rotation":{"x":0.5056543350219727,"y":0.025873102247714998,"z":-0.015176888555288315,"w":0.8622258901596069},"size":6.546553611755371,"orthographic":true}